"id","area","module_or_feature","slug_or_entry","status","type","priority","when","current_state","problem_or_risk","recommended_action","solo_company_simplification","security_consideration","performance_consideration","evidence","depends_on","acceptance_criteria"
"PROD-001","产品采用","产品身份","全局","未完成","产品决策","P0","开始做任何产品功能前","名称、站点、支持邮箱、发信域名、社交链接和 App Store 链接仍是模板或演示值","若维持当前状态，将无法证明：页面、邮件、结构化数据和运行时均不再出现 TanStack Template、demo.aiarticles.com 或占位链接","确定每个站点的产品清单，并一次性替换公开身份与域名","每个站点只维护一份 product-config 产品差异，不复制 resolver 和基础设施配置","错误的支持邮箱和域名会破坏账号找回与用户信任","统一身份可减少无效重定向、外部请求和重复配置","packages/app-config/src/product-config.ts; packages/app-config/src/public-runtime.ts","产品名称、主域名、支持邮箱、品牌资产","页面、邮件、结构化数据和运行时均不再出现 TanStack Template、demo.aiarticles.com 或占位链接"
"PROD-002","产品采用","收费模式与 Product Profile","PROFILE_BUILD_ID","已决定待采用","收费基线","P0","产品立项","已决定所有新下游必须有收费闭环；官方 Profile 能裁剪技术能力，但尚未表达这一商业决策，full-saas 又会同时带上 credits、storage 等并非每个收费站需要的能力","若下游只选技术 Profile 而不写商业闭环，仍可能上线没有明确收费、交付或退款路径的站点","每个下游先定义收费单元、价格、收款方式和交付方式；自动授予数字权益时用 billing+jobs，卖外链、赞助位或人工服务时可先用支付链接/账单加人工交付","商业上不再规划免费站；技术上也不强迫所有收费方式进入完整 SaaS 账单系统，先用最短可收款闭环","自动权益必须由验签 webhook 授予；人工交付必须有订单与审计记录，不能只靠聊天截图","只启用实际收款所需模块；简单外链销售无需 credits、storage 或多供应商状态机","packages/app-config/src/profile-definitions.ts; packages/app-config/src/public-runtime.ts; apps/server/src/payments","每个下游的收费单元和交付自动化程度","每个下游在 Stage 1 前写明卖什么、多少钱、如何收款、如何交付和如何退款，不存在无变现路线"
"PROD-003","产品采用","首个产品域模块接入","apps/server/src/modules; apps/web/src/modules","待下游决定","产品集成","P0","母模板验收后、首个下游功能前","moduleRouters 目前有意保持为空；Tickets 作为平台可选模块由 runtime router 条件挂载，注册机制呈现“产品域扩展点 + 平台例外”两类","把空扩展点误判为模板缺陷会诱导母模板提前内置虚构业务；若首个真实产品继续绕过扩展点，双轨边界会进一步漂移","母模板不实现任何下游域；首个真实下游模块进入 apps/server/src/modules/<domain> 与 apps/web/src/modules/<domain>，并通过 moduleRouters 注册，Tickets 保留为有文档的条件平台例外","一次只接入一个产生收入的核心域，不建通用插件系统、模块市场或中央控制面","新域必须使用标准 guards/capabilities，不能直接导入 Better Auth、暴露 D1 binding 或绕过验签支付权益","只注册实际启用的 namespace；列表和读模型从第一版就有界，不为未知下游预建缓存层","apps/server/src/modules/index.ts; apps/server/src/routers/runtime-router.ts; apps/server/src/modules/tickets/router.ts; apps/web/src/modules/README.md","首个下游的收费单元、数据所有者与核心用户动作","母模板保持无虚构产品模块；首个下游能从单一产品域入口完成核心动作，Tickets 例外有明确边界且没有第三种注册方式"
"PROD-005","产品采用","资源与部署身份","Worker、D1、R2、Queue、域名","未完成","部署配置","P0","首次预发布前","仓库仍依赖示例环境文件和待采用的 Cloudflare 资源身份","若维持当前状态，将无法证明：verify:production-config 能确认所有目标资源且没有占位值","为站点建立独立资源清单，并填充生产安全文件；不共享不同客户站点的 D1、R2 或 webhook secret","小站可不创建 R2、Queue 和 DLQ，前提是所选 Profile 不需要它们","生产预检必须核对精确资源 ID、域名、secret 与支付 live mode","少一个未用绑定就少一个冷启动和运维面，但不要移除收费所需 Queue","apps/server/wrangler.jsonc; apps/server/.production-safety.example; docs/production-configuration.md","Profile 与 Cloudflare 账号","verify:production-config 能确认所有目标资源且没有占位值"
"PROD-006","产品采用","模板与下游边界","template-kit/repository-facts.json","待抉择","维护策略","P1","第一次批量复制前","仓库既是母模板又承载具体站点采用规则，若直接复制核心易造成升级冲突","若维持当前状态，将无法证明：新站点能仅通过产品配置、域模块和内容完成采用，升级检查无未知核心修改","明确哪些文件属于上游 core、product-owned 和 generated，并保持 product diff 小而集中","单人维护只允许少数产品入口文件变化，不为每个站点 fork 基础设施","减少下游修改认证、支付和部署守卫，避免安全修复难以合并","边界稳定可减少每次升级的全仓扫描和冲突解决","GOVERNANCE.md; docs/architecture-boundaries.md; template-kit/repository-facts.json","站点采用流程","新站点能仅通过产品配置、域模块和内容完成采用，升级检查无未知核心修改"
"WEB-001","公开站点","首页","/","采用时必改","内容缺口","P0","公开上线前","v2.6 已将首页收缩为轻量静态 starter，但标题、说明、原则卡和 CTA 仍是母模板文案","若维持当前状态，将无法证明：首页不含模板文案，主 CTA 进入真实收费或核心产品闭环","围绕产品的收费单元重写定位、价值证据和主 CTA；只有真实需要时才增加 FAQ、案例或定价区","先保留一个收费 CTA 和一个产品证据区，不恢复通用大而全营销页","不要在公开文案、截图或示例数据中泄露内部域名与测试账号","保留当前静态无动画基础，新增区块必须服从 LCP、INP 和移动端可读性","apps/web/src/components/landing-page/static-landing-page.tsx; packages/i18n/src/messages","产品定位、收费单元和品牌","首页不含模板文案，主 CTA 进入真实收费或核心产品闭环"
"WEB-002","公开站点","SEO 默认元数据","/ 及全局","未完成","SEO","P0","公开上线前","默认标题和描述仍以 TanStack Template 与 SaaS Template 为主题","若维持当前状态，将无法证明：任一公开页面源码中不出现模板 SEO，canonical 与 locale alternates 正确","建立产品级 title template、description、canonical、OG 与社交账号配置","只有一个产品与域名时不要引入动态 SEO 配置后台，保留静态配置即可","canonical 必须只指向受控 HTTPS 域名，避免环境域名进入索引","静态元数据和预生成 OG 图优于请求时生成","apps/web/src/routes/__root.tsx; packages/i18n/src/messages; packages/app-config/src/product-config.ts","产品身份","任一公开页面源码中不出现模板 SEO，canonical 与 locale alternates 正确"
"WEB-003","公开站点","品牌资产","favicon、logo、OG image","未完成","品牌","P1","公开上线前","favicon、Logo 与分享图仍为模板资产或演示内容","若维持当前状态，将无法证明：浏览器图标、导航 Logo 和分享预览均为当前产品且体积受控","替换为每个站点的最小品牌资产集，并记录尺寸和来源","一人公司先维护 SVG Logo、favicon 和一张 1200×630 OG 图，不做复杂品牌资产流水线","清除图片元数据中的本地路径或作者隐私信息","压缩图片、设置尺寸，避免首屏 CLS；不要为 logo 引入额外图片库","apps/web/public; apps/web/src/routes/__root.tsx; apps/web/src/components","产品身份","浏览器图标、导航 Logo 和分享预览均为当前产品且体积受控"
"WEB-004","公开站点","隐私政策","/privacy","待抉择","法律与数据治理","P0","收集真实用户数据前","页面是通用模板文本，未必覆盖实际分析、支付、邮件与数据保留行为","若维持当前状态，将无法证明：政策与实际运行模块一致，具有有效日期和可用联系邮箱","按启用的供应商和真实数据流重写并由负责人确认生效日期与联系方式","不启用的分析、存储、社交登录和营销邮件不要写入政策；母模板首发不额外建设自助账号删除或数据导出中心","准确描述支付记录、日志、邮件订阅、数据保留、用户联系处理方式与跨境处理，不承诺尚未实现的自助能力","纯静态页面可预渲染并长期缓存","apps/web/src/routes/_public/(legal)/privacy.tsx; packages/i18n/src/messages","最终供应商、数据保留策略","政策与实际运行模块一致，具有有效日期和可用联系邮箱"
"WEB-005","公开站点","服务条款","/terms","待抉择","法律与商业","P0","开始收费前","页面为模板条款，无法覆盖具体退款、订阅、积分、终身授权或内容责任","若维持当前状态，将无法证明：条款准确描述唯一启用的商业模式，并与结账页一致","根据实际收费模型确定退款、取消、可接受使用、积分有效期与终身权益边界","不同时销售订阅、终身版和积分可显著降低条款与客服复杂度","明确账号终止、争议与用户内容处理；不可用前端文案代替支付供应商配置","静态预渲染即可","apps/web/src/routes/_public/(legal)/terms.tsx; packages/app-config/src/app-config.ts","定价与退款决策","条款准确描述唯一启用的商业模式，并与结账页一致"
"WEB-006","公开站点","联系表单","/contact; /api/contact","条件未完成","滥用防护","P1","启用 contactForm 前","具备蜜罐、体积限制和可选 Turnstile，但内存限流仅单 Worker isolate 有效","若维持当前状态，将无法证明：重复、超长、机器人和无效请求被拒绝，正常消息可追踪送达","启用生产 Turnstile，并为公开提交端点配置 Cloudflare WAF rate rule；确认 Web 到 Server 的转发路径","若支持量很小，可只展示邮件地址并关闭表单，省去验证码、限流和投递链路","不要把表单内容直接写入日志；限制长度、类型并防止邮件头注入","对验证码与邮件调用设置超时，避免请求长期占用","apps/web/src/routes/_public/(marketing)/contact.tsx; apps/web/src/routes/api/contact.ts; apps/server/src/handlers/contact.ts","邮件与 Cloudflare WAF","重复、超长、机器人和无效请求被拒绝，正常消息可追踪送达"
"WEB-007","公开站点","Newsletter","/api/newsletter/subscribe","条件未完成","滥用与合规","P1","启用 newsletter 前","Resend 联系人写入已实现，但生产反滥用和订阅证明仍需采用","若维持当前状态，将无法证明：订阅、重复订阅、退订和机器人请求均有明确行为","启用 Turnstile/WAF，确认双重确认或适用地区的同意记录需求，并提供退订入口","没有稳定内容节奏时关闭 newsletter，避免空功能和名单合规成本","不得自动重新订阅已退订用户；不要记录原始验证码或不必要的 IP","外部调用设置超时；高流量时再异步化，不先建营销队列","apps/web/src/routes/api/newsletter/subscribe.ts; apps/server/src/handlers/newsletter.ts","内容计划、Resend 域名、合规范围","订阅、重复订阅、退订和机器人请求均有明确行为"
"WEB-008","内容","Blog 首页与文章","/blog; /blog/$slug; /blog/category/$slug","待抉择","内容能力","P1","启用 blog 前","路由与 SEO 已实现，但 content/blog 只有说明文件且功能默认关闭","若维持当前状态，将无法证明：空内容不出现在导航或 sitemap；启用后所有公开 slug 有内容、canonical 和非空列表","决定是否真的长期写 Blog；启用前至少准备分类、作者、首批文章和各 locale 策略","单人公司没有持续发布计划就保持关闭；需要 SEO 时先做少量高意图常青页","渲染 MDX 时只使用受控内容源和组件白名单","只生成实际存在的 slug；图片优化并避免一次加载整站文章索引","apps/web/src/routes/_public/(marketing)/blog; apps/web/content/blog; packages/app-config/src/content-flags.ts","内容计划与 locale","空内容不出现在导航或 sitemap；启用后所有公开 slug 有内容、canonical 和非空列表"
"WEB-009","内容","Docs 与搜索","/docs/$; /api/search","待抉择","内容能力","P1","启用 docs 前","Docs 路由、MDX 与 Orama 搜索存在，但内容为空且默认关闭","若维持当前状态，将无法证明：关闭状态无搜索初始化成本；启用后搜索结果只包含当前公开页面","只有产品确需用户文档时启用，并建立版本、导航、404 与索引规则","小工具先用一个帮助页或 README，不要提前维护 Docs 门户和搜索索引","搜索只索引公开内容，不返回草稿、内部路径或环境变量","Docs 关闭时应避免加载搜索索引；启用后按构建生成而不是每请求全量扫描","apps/web/src/routes/docs; apps/web/src/routes/api/search.ts; apps/web/content/docs","文档规模","关闭状态无搜索初始化成本；启用后搜索结果只包含当前公开页面"
"WEB-010","国际化","公开 locale slug","/（英文无前缀）；/zh/* 与 /jp/* 当前不发布","已实现待扩展","内容维护复杂度","P1","未来明确发布第二语言时","首发 publication allowlist 只有 en；zh 与 legacy jp 词库休眠，不生成路由、导航、sitemap、hreflang 或语言切换器","未来若只开启词库而未完成等价内容、法律与交易文案审查，会产生错误 hreflang、混合语言页面；legacy jp 也不是标准语言码","首发保持英文；未来发布日语前先以独立兼容变更将 jp 迁移为 BCP 47 的 ja，再完成内容与 SEO 验收","只维护英文首发；有明确市场与持续翻译能力后才增加第二语言","登录、法律和交易邮件必须避免 locale 混淆造成错误同意或误导","减少 locale 数量会缩小构建、sitemap 和内容索引规模","packages/i18n/src/locales.ts; apps/web/src/i18n; apps/web/vite.config.ts; docs/i18n-implementation.md","未来 locale 产品决策","当前导航、路由生成、sitemap 与 hreflang 只发布英文；休眠词库不会形成公开 URL"
"WEB-011","国际化","私有路由 locale","/dashboard; /settings; /admin; /tickets; /credits; /purchases","已实现待维护","路由一致性","P1","新增私有 slug 时","所有私有区、API/RPC 与开发画廊统一命中 nonPublicPathPrefixes，使用 cookie locale 且不生成 locale 前缀","新增私有 slug 若未登记，会重新出现 locale 回跳、预渲染或索引规则漂移","新增私有入口时只更新 non-public-paths.ts，并让 locale、响应头、robots 和构建过滤继续消费该来源","单人产品建议私有区无 locale 前缀、用 cookie 选语言，slug 更稳定","认证回跳与支付 return URL 必须经过允许列表，不能接受任意外部 URL","稳定路由减少重复缓存键和 SSR 路径组合","apps/web/src/configs/non-public-paths.ts; apps/web/src/i18n/config.ts; packages/app-config/src/public-runtime.ts","新增私有路由","现有私有导航和支付回跳使用无 locale 前缀 URL；新增前缀只有一个登记点"
"WEB-012","SEO","私有页面索引控制","/auth/*; /admin/*; /dashboard; /settings/*; /credits/*; /purchases; /tickets/*; /help; /billing/*","已实现待执行验证","SEO 与隐私","P0","公开上线前","nonPublicPathPrefixes 已覆盖 admin、auth、billing、credits、dashboard、design-system、help、purchases、settings、tickets、users 与 api/rpc；publication-paths 让响应头和 Vite 发布过滤复用同一规则，并已有聚焦测试","robots 与 noindex 只能减少抓取，不能替代服务端会话、管理员和资源授权；新增私有 slug 漏登记仍会破坏一致性","保持共享静态来源和 publication-paths 聚焦测试；所有实际数据访问继续使用服务端 guard","维护一个共享 non-public prefix 来源，不在多个文档复制第二份规则","robots 不是授权；页面仍必须使用服务端 session/admin guard","避免爬虫和预渲染器访问私有 SSR 路径与无意义查询","apps/web/src/configs/non-public-paths.ts; apps/web/src/configs/publication-paths.ts; apps/web/src/configs/publication-paths.test.ts; apps/web/src/server.ts; apps/web/scripts/robots.mjs; apps/web/vite.config.ts; apps/web/src/routes/_authed","新增私有路由","共享清单中的每个前缀均 noindex、robots disallow、sitemap 排除且不被 prerender，授权仍由服务端拒绝"
"WEB-013","SEO","404 与 catch-all","/$","需复核","路由","P2","公开 slug 定稿后","存在根 catch-all 与 Docs catch-all，需确保关闭内容面时不会被错误页面吞掉或产生 soft 404","若维持当前状态，将无法证明：未知路径返回 404 HTTP 状态且不生成 canonical 到首页","为未知公开 slug 返回真实 404 状态，并验证 docs/blog 关闭后的 canonical 与索引行为","不做可配置万能页面解析器；未知 slug 直接 404","错误页不得回显未经转义的路径或内部异常","404 页面保持轻量，不加载后台查询和大型内容索引","apps/web/src/routes/$.tsx; apps/web/src/routes/docs/$.tsx","最终公开 slug","未知路径返回 404 HTTP 状态且不生成 canonical 到首页"
"WEB-014","性能","公开页预渲染","公开稳定页面","性能机会","构建策略","P2","内容定稿后","公开页面清单与私有排除已统一，但 prerender 仍关闭；当前低流量模板没有证据证明开启后收益高于构建复杂度","在内容和 URL 未定稿前启用 crawl prerender 会放大构建范围并可能固化错误公开页面","保持关闭直到真实产品内容稳定且性能测量显示需要；启用时只生成显式公开页面","少量营销页可完全静态，不引入额外缓存框架","预渲染产物不得包含用户态或环境 secret","降低 TTFB 与 Worker 调用量；用现有 perf budget 决定而非盲目开启全部 crawl","apps/web/vite.config.ts","内容定稿和性能证据","只有允许的公开页面被生成，部署后 HTML 可缓存且私有页面不落盘"
"WEB-015","性能","开发者工具","全局 RootDocument","问题","生产体积","P1","首次性能验收前","TanStack Query/Router Devtools 在根组件静态导入并始终渲染","若维持当前状态，将无法证明：生产构建中无 TanStackDevtools 代码，开发模式仍可使用","改为仅开发环境启用，最好动态导入；生产 bundle 不包含面板","生产不需要远程调试面板，保留浏览器日志与正式可观测性即可","避免在生产 UI 暴露查询缓存与内部路由信息","减少根 bundle、解析和运行时开销","apps/web/src/routes/__root.tsx","无","生产构建中无 TanStackDevtools 代码，开发模式仍可使用"
"WEB-017","登录后主页","Dashboard","/dashboard","未完成","产品体验","P1","核心产品闭环完成后","当前仅展示资料、账单、积分和安全卡片，没有产品域数据或下一步动作","若维持当前状态，将无法证明：登录后用户能在一屏进入核心动作并看到最近结果，关闭模块不产生查询","将第一张卡改为核心产品动作与最近结果，平台设置卡降为次级入口","单人产品不要建可配置 Dashboard 或 widget 系统，一屏回答现在该做什么即可","摘要只能查询当前用户有权访问的数据","合并首屏查询并按需加载账单/积分卡，关闭能力时不发请求","apps/web/src/routes/_authed/(dashboard)/dashboard/route.tsx; apps/server/src/modules/index.ts","PROD-003","登录后用户能在一屏进入核心动作并看到最近结果，关闭模块不产生查询"
"WEB-018","账号设置","资料与安全","/settings; /settings/profile; /settings/security","需复核","账号体验","P1","开放注册前","基本资料、头像、登录方式和重置密码入口已存在，但显示内容依赖实际 auth/storage 组合","若维持当前状态，将无法证明：每种账号类型只看到可执行动作，资料修改和密码重置有正确权限与反馈","按启用登录方式和 storage 做设备级走查，隐藏不适用块，并让重置文案与实际邮件能力一致","保留姓名、头像和安全三项即可，不建任意 profile schema、团队账号或 RBAC","资料更新做服务端字段白名单；重置密码需要 fresh session 语义和统一防枚举响应","页面只查询已启用能力，不为关闭的 social/storage 发请求","apps/web/src/routes/_authed/(dashboard)/settings; apps/server/src/routers/common/users.ts","AUTH-001 和 STORE-001","每种账号类型只看到可执行动作，资料修改和密码重置有正确权限与反馈"
"WEB-019","支持入口","Help","/help","已决定待采用","信息架构","P2","首发内容配置时","Help 页面与 contact、support email、tickets、docs 可能形成多个重复入口","若维持当前状态，将无法证明：所有帮助链接可用且只指向当前启用渠道，无死入口","首发让 Help 只提供短 FAQ 与 support email；Tickets 和完整 Docs 保持关闭且不显示入口","单人公司先维护一个邮箱入口，不建知识库、工单台或多渠道客服","不要在帮助页展示内部状态、管理员私用邮箱或调试信息；公开专用 support email","静态帮助内容优先，不加载关闭模块的数据","apps/web/src/routes/_authed/(dashboard)/help.tsx; apps/web/src/components/dashboard/help-page.tsx","support email 配置","所有帮助链接可用且只指向短 FAQ 与当前 support email，无 Tickets 或 Docs 死入口"
"AUTH-001","认证","登录方式","/auth/sign-in; /auth/sign-up","已实现待生产采用","产品简化","P0","上线注册前","Web 与可选 Mobile 只保留已验证邮箱/密码流程；Email OTP 配置、客户端插件、表单、邮件模板和依赖已移除，GitHub、Google、Apple 继续关闭","首发风险已收缩为邮件域名、回跳 URL 与生产 secret 尚需真实采用；重新加登录方式会扩大账户绑定与回调安全面","首发保持邮箱密码加邮箱验证；只在明确需求和完整服务端能力存在时以独立变更增加一种 OAuth","只维护一种登录方式，不保留可误开启的半实现能力","每个 provider 必须限制 redirect origin、验证 email 状态并保留账号绑定唯一性检查","少 provider 可减少 SDK、OAuth 回调与支持成本","packages/app-config/src/public-runtime.ts; apps/server/src/lib/auth.ts; apps/web/src/lib/auth/auth-client.ts; apps/web/src/components/auth; optional/mobile/lib/auth/auth.client.ts","PROD-001 和生产邮件","UI 与客户端只暴露服务端真实支持的邮箱密码流程；生产域可完成注册、验证、登录、登出和找回"
"AUTH-002","认证","邮箱验证与密码找回","/auth/forgot-password; /auth/reset-password","条件未完成","邮件配置","P0","开放邮箱注册前","流程已实现，但发信域名、链接域名和生产 secret 仍需采用","若维持当前状态，将无法证明：真实邮箱可完成验证与重置，未知邮箱得到同样外部响应，过期 token 失败","验证 Resend 域名、发件人、回跳 URL、token 过期与重复使用行为","若不准备可靠发信，不要开放邮箱密码注册，可先使用单一 OAuth","错误响应避免泄露邮箱是否存在；token 一次性且短期有效","邮件调用设置超时并保留失败可观察性","apps/server/src/auth; apps/server/src/emails; packages/app-config/src/product-config.ts","PROD-001 和生产邮件","真实邮箱可完成验证与重置，未知邮箱得到同样外部响应，过期 token 失败"
"AUTH-003","认证","OAuth 账户唯一性","account(providerId, accountId)","条件未完成","数据完整性","P1","启用任一 OAuth 前","账号表遵循 Better Auth 生成结构，复合唯一约束需要先审计既有数据，不能盲加","若维持当前状态，将无法证明：没有重复键，登录映射唯一，迁移或不迁移均有记录理由","启用 OAuth 前运行重复账户审计；若数据干净，再按当前 Better Auth 官方结构决定迁移","不启用 OAuth 就不处理这项，不为关闭功能改历史 schema","重复 provider account 可能导致身份串联风险；迁移必须先查重并可回滚","唯一索引也可加速 provider account 查找","apps/server/src/db/schema/auth.ts; apps/server/scripts/audit-auth-accounts.ts","OAuth 决策与数据审计","没有重复键，登录映射唯一，迁移或不迁移均有记录理由"
"AUTH-004","认证","管理员授权","/admin/*; ADMIN_EMAILS","已实现待采用","安全边界","P0","开放后台前","服务端使用生产 ADMIN_EMAILS allowlist，不使用数据库 role；产品仍需配置真实管理员","若维持当前状态，将无法证明：普通用户、付费非管理员均被拒绝，允许列表管理员可访问，恢复步骤可执行","仅配置最少的所有者邮箱并记录丢失访问时的恢复步骤；不要增加后台角色管理","一个人使用时一个主邮箱加一个受控恢复邮箱即可，不建 RBAC 系统","每个 admin procedure 继续使用 requireAdmin/adminProcedure；前端隐藏导航不算授权","allowlist 读取成本低，无需缓存到新的数据库角色表","apps/server/src/auth/guards; apps/server/src/routers/admin; docs/security-config-audit.md","生产 secret 与恢复账号","普通用户、付费非管理员均被拒绝，允许列表管理员可访问，恢复步骤可执行"
"AUTH-006","认证","远程头像","设置资料; allowedRemoteAvatarHosts","需复核","输入边界","P1","允许远程头像前","只允许 GitHub 与 Google 头像主机，但实际启用方式目前不含这两个 provider","若维持当前状态，将无法证明：非允许主机、超大或非图片资源被拒绝，允许头像稳定显示","按启用 provider 收紧 allowlist；没有远程头像需求就只允许站内上传或 initials","单一头像来源即可，不支持任意 URL","防 SSRF、重定向到非允许主机和内容类型伪造","图片代理/优化时限制大小、超时并缓存","packages/app-config/src/product-config.ts; apps/server/src/auth/avatar-policy.ts","登录方式与 storage","非允许主机、超大或非图片资源被拒绝，允许头像稳定显示"
"AUTH-007","认证","认证限流","/api/auth/*","已实现待采用","安全保留","P1","生产上线前","认证限流使用 D1 持久化，属于需要保留的跨 isolate 防护","若维持当前状态，将无法证明：多实例并发下仍限流，过期记录可清理且正常用户不被长期锁死","确认生产绑定、窗口与错误响应；仅按真实攻击情况调参","不要换成进程内 Map 来省代码；D1 方案对单人产品已经足够","避免账号枚举、撞库和邮件轰炸；可叠加 Cloudflare WAF","索引与清理策略需避免限流表无限增长","apps/server/src/lib/auth.ts; apps/server/src/db/schema/auth.ts","生产 D1","多实例并发下仍限流，过期记录可清理且正常用户不被长期锁死"
"AUTH-008","认证","私有会话新鲜度","RPC 与受保护路由","已实现待保留","安全保留","P1","持续","每个受保护请求重新读取 session/user，并拒绝已软删除用户；公共 RPC 也会承担部分上下文成本","若维持当前状态，将无法证明：用户删除或 session 撤销后下一次受保护请求立即失败","保留受保护路径的新鲜会话检查；只有在测到公共接口压力后再拆分匿名轻量 context","不要用长 TTL 自签缓存绕过用户删除与管理员变更","这是撤销 session 和删除账号即时生效的关键边界","公共高流量端点可单独使用无 session context，但不可影响 protectedProcedure","apps/server/src/lib/context.ts; apps/server/src/auth","真实流量证据","用户删除或 session 撤销后下一次受保护请求立即失败"
"PAY-001","支付","Web 支付供应商","Stripe、Creem、Waffo","待抉择","产品简化","P0","开始支付接入前","模板支持多个 Web provider，默认 Stripe；多供应商会增加 webhook、退款、升级和客服矩阵","若维持当前状态，将无法证明：生产只有一个 Web provider 被注册，未配置 provider 没有 webhook 路由","每个站点只选一个 Web 支付供应商，并只配置该 provider 的价格与 webhook","单人公司不要做运行时多供应商切换，也不做跨 provider 订阅迁移","只信任验签 webhook；redirect success 不能授予权益","构建后测量未选 adapter 是否影响 Worker 体积，再决定是否做静态裁剪","packages/app-config/src/app-config.ts; apps/server/src/payments; packages/app-config/src/payment-providers.ts","市场、税务与收款账户","生产只有一个 Web provider 被注册，未配置 provider 没有 webhook 路由"
"PAY-002","支付","Stripe 价格环境隔离","会员与积分 price IDs","潜在冲突","配置安全","P0","首次生产支付前","测试与生产 price ID 当前完全相同，生产预检会拒绝或可能误用测试目录","若维持当前状态，将无法证明：test/live ID 不同且均存在，结账显示金额与本地目录完全一致","分别创建 test/live 产品价格，替换所有会员与积分配置，并核对金额、币种、周期和状态","只保留实际出售的一种或两种价格，不同时推出月付、年付、终身和积分包","部署 guard 必须拒绝相同 ID、测试 key 和错误 webhook secret","缩小目录可减少结账页数据和 webhook 分支","packages/app-config/src/membership-config.ts; packages/app-config/src/product-config.ts; apps/server/src/config/production.ts","最终定价和 Stripe 账户","test/live ID 不同且均存在，结账显示金额与本地目录完全一致"
"PAY-003","支付","定价模型","monthly、yearly、lifetime、credits","待抉择","商业复杂度","P0","写条款和结账页前","默认同时存在订阅、终身购买和积分，权益组合、退款与升级路径复杂","若维持当前状态，将无法证明：页面、条款、provider 目录和 entitlement resolver 只有已批准的销售模型","选择单一主模型：订阅、一次性购买、人工订单或积分计量；只有明确用户需求再组合","商业基线默认收费，首发只实现一种收费方式，不规划独立免费产品路线，避免四套客服与会计语义","定义退款后撤权、争议、过期、重复购买和交付失败行为","更小目录减少 entitlement 查询与后台操作组合","packages/app-config/src/app-config.ts; apps/server/src/payments; apps/server/src/credits","产品价值计量","页面、条款、provider 目录和 entitlement resolver 只有已批准的销售模型"
"PAY-006","支付","权益授予","checkout redirect; webhook","已实现待保留","安全保留","P0","持续","当前设计由验签 webhook 写入权益，成功跳转只展示状态","若维持当前状态，将无法证明：伪造 redirect 不授予权益，重复 webhook 只产生一次业务结果","保持 webhook 为唯一事实源，不在 success 页面或客户端调用中直接授予权益","这部分不能为省代码简化；可以简化的是只保留一个 provider","验证签名、事件幂等、金额/币种/产品映射和退款撤权","异步处理避免 provider 重试阻塞，状态页面采用有限轮询","apps/server/src/payments/application/webhook-dispatch.ts; apps/server/src/payments/providers; apps/web/src/routes/billing/success.tsx","已选 provider","伪造 redirect 不授予权益，重复 webhook 只产生一次业务结果"
"PAY-007","支付","支付操作重试与审计","admin/payments; billing outbox","已实现待保留","可靠性保留","P0","启用自动 billing 时","paymentOperation、event、outbox、人工复核与管理员重试已实现，属于自动收费可靠性核心","若维持当前状态，将无法证明：重复执行不重复扣款/发放，失败进入可观察与可恢复状态","启用 billing 时保留这些状态机与审计；为管理员操作补充运行手册","支付链接加人工交付可不接此状态机；一旦自动授予权益，不要改成同步 webhook 直接写所有副作用","管理员重放必须 requireAdmin、审计且保持幂等","Queue batch size 先保持 1，只有积压数据证明需要时调优","apps/server/src/payments/application; apps/server/src/routers/admin/billing.ts; apps/server/src/modules/jobs","billing 与 jobs","重复执行不重复扣款/发放，失败进入可观察与可恢复状态"
"PAY-008","积分","Credits 系统","/credits/purchase; /credits/transactions","待抉择","过度复杂","P0","产品计费设计时","积分包含账户、交易、订单、恢复、争议、signup grant 与 billable operation，维护成本高","若维持当前状态，将无法证明：关闭时无相关路由/namespace；启用时充值、扣减、退款与重试可对账","只有 AI 生成、用量计费或消耗型产品才启用；普通 SaaS 使用 entitlement 即可","无明确计量单位时关闭 credits 和 creditPurchases，不把积分当通用会员系统","启用后每次扣减使用 idempotency key，禁止客户端决定余额","余额查询和交易列表必须分页；热账户需关注写竞争","apps/server/src/credits; apps/web/src/routes/_authed/(dashboard)/credits; packages/app-config/src/app-config.ts","计量单位和商业模型","关闭时无相关路由/namespace；启用时充值、扣减、退款与重试可对账"
"PAY-009","积分","注册赠送","signupGrant","已默认关闭","滥用风险","P1","只有明确获客预算时再决策","模板保留 100 积分、30 天过期和 HMAC 处理 IP/UA 线索的可选赠送机制，但 paid-product 基线已设置 enabled=false，不会自动赠送","未来误开会形成未批准的免费使用路径，并增加重复注册、隐私说明、过期与申诉成本","保持 signupGrant.enabled=false；只有拿到明确获客预算与反滥用规则后再单独启用并复核额度","收费产品直接销售积分或权益，不把注册送积分当默认获客动作","未来启用时不可存储不必要的原始指纹；secret 轮换会影响关联语义，需记录","关闭时不运行赠送或过期清理；未来启用时避免在用户请求中全表扫描","packages/app-config/src/product-config.ts; apps/server/src/credits","PAY-008 与隐私政策","默认配置不授予注册积分；未来启用时重复注册不重复获得赠送且过期与申诉行为已写入 UI 和条款"
"PAY-010","积分","Billable operation","产品消费动作","未完成","产品集成","P1","启用 credits 后","底层幂等结算能力存在，但没有产品域调用者，因为产品模块为空","若维持当前状态，将无法证明：相同业务动作重试只扣一次，失败不丢余额且有对账记录","在真实域动作中定义 operation type、幂等键、预留/确认/失败补偿和用户可见结果","每种收费动作只建一个结算入口，不在各 route 重复扣余额","服务端校验资源所有权、成本与幂等键，客户端不能提交任意扣减额","耗时计算与结算解耦；避免长事务持锁","apps/server/src/credits; apps/server/src/modules/index.ts","PROD-003 和 PAY-008","相同业务动作重试只扣一次，失败不丢余额且有对账记录"
"PAY-011","支付","购买历史","/purchases","条件未完成","功能边界","P2","启用 billing 或 creditPurchases 前","路由会在两种购买能力都关闭时跳回 dashboard，但开启任一能力后可能混合展示订阅、终身购买与积分订单","若维持当前状态，将无法证明：用户只能看到自己的有界历史，状态与 provider 一致，关闭时无可访问入口","根据唯一商业模型定义列表字段、状态、收据和退款入口；关闭时物理省略导航","只有一种销售模型时只显示一种记录，不做通用交易中心","只能返回当前用户记录；provider receipt URL 必须来自可信存储并限制目标 host","使用分页和按需详情，避免每次加载全部历史","apps/web/src/routes/_authed/(dashboard)/purchases.tsx; apps/web/src/components/dashboard/purchases-page.tsx","PAY-003","用户只能看到自己的有界历史，状态与 provider 一致，关闭时无可访问入口"
"PAY-012","支付","结账返回页","/billing/success; /billing/cancel","已实现待复核","异步体验","P1","首次真实结账前","success 页最多轮询 60 秒并等待 webhook 权益同步，cancel 返回设置或 dashboard；不会直接授予权益","若维持当前状态，将无法证明：慢 webhook、重复事件、取消和手动刷新均有清晰结果且不会错误授权","用真实 webhook 延迟验证文案、超时、刷新和重复打开；禁用 billing 时重定向安全页面","保留一个通用成功/取消页，不按 plan 建多套 landing","查询参数只能用于期望状态展示，不能决定权限；继续依赖服务端权益","3 秒轮询、60 秒上限目前合理，流量后再用退避或事件推送优化","apps/web/src/routes/billing/success.tsx; apps/web/src/routes/billing/cancel.tsx","PAY-006","慢 webhook、重复事件、取消和手动刷新均有清晰结果且不会错误授权"
"STORE-001","存储","头像存储","/api/storage/*; /settings/profile","条件未完成","功能采用","P1","启用 storage 前","现有公开存储路由主要服务头像，使用受限 key 前缀；storage 默认关闭","若维持当前状态，将无法证明：未授权用户不能改删他人头像，替换头像不会遗留无主对象","若只需头像，保留这条窄路径并完善替换清理；若无需上传则继续关闭","不要仅为头像引入通用资产后台和文件管理器","校验 MIME、魔数、大小、所有权和随机 key；公开 URL 不承担私有授权","唯一版本 key 可设置更长 immutable cache，并限制图片尺寸","apps/server/src/storage; packages/app-config/src/product-storage-config.ts","Profile 和头像需求","未授权用户不能改删他人头像，替换头像不会遗留无主对象"
"STORE-002","存储","Asset Service","apps/server/src/modules/assets","默认休眠","未接入基础能力","P2","出现产品文件前","asset 表、repository 与 service 是完整但未挂入 runtime router 的可选基础能力；当前头像路径不依赖它","现在强行接入会为没有产品文件的首发增加第二套文件授权语义；未来若直接凭 raw key 下载又会绕过资产所有权","母模板保持休眠；首个确需私有附件或生成结果的下游再通过 assetId 接入并补有界列表与授权测试","只有头像时不要接入第二套资产语义；产品文件出现后再迁移到 Asset Service","不得把 raw storage key 当公开授权；下载需检查 visibility 与 owner","列表必须分页；大文件上传走直接上传或分片，不经 RPC JSON body","apps/server/src/modules/assets; apps/server/src/db/schema/assets.ts; apps/server/src/modules/index.ts","产品文件需求","产品文件通过 assetId 授权，私有对象不能仅凭 key 访问"
"STORE-003","存储","对象与元数据一致性","deleteAsset","潜在隐患","数据一致性","P1","明确启用 Asset Service 前","删除流程先删对象再删 D1 元数据，第二步失败会留下指向不存在对象的记录","若维持当前状态，将无法证明：任一步骤失败可重试，最终无悬空元数据或无主对象","当前保持 Assets 休眠；决定接入时先增加可重试删除状态或 reconciliation，再开放产品文件删除入口","低规模可用软删除加每日清理，不需要分布式事务框架","清理器仍需校验租户/owner，修复动作写审计","批量清理和分页扫描，避免一次全表操作","apps/server/src/modules/assets/service.ts; apps/server/src/modules/assets/repository.ts","STORE-002 被明确启用","任一步骤失败可重试，最终无悬空元数据或无主对象"
"JOB-001","异步任务","Jobs/Queue/DLQ","Queue bindings; scheduled handlers","待抉择","收费可靠性","P0","选择收款方式时","Jobs 包含 D1 状态、Queue、DLQ、outbox、恢复与 Cron；自动支付权益与 AI 生成需要它，纯支付链接加人工交付不一定需要","若维持当前状态，将无法证明：人工收费站无多余 Queue；自动收费或生成站重复投递不产生重复副作用","自动 billing、credits 或异步生成默认保留 jobs；只有完全人工交付且没有异步产品任务时才关闭","收费是默认，但实现可以分级：人工订单不必先建 Queue，自动权益则绝不能删 outbox/幂等","handler 必须幂等，DLQ 重放受管理员授权并审计","监控 backlog、失败率和每分钟 Cron 成本后再调 batch 与频率","apps/server/src/modules/jobs; apps/server/wrangler.jsonc; packages/app-config/src/profile-definitions.ts","PROD-002 和产品交付方式","人工收费站无多余 Queue；自动收费或生成站重复投递不产生重复副作用"
"JOB-002","异步任务","每分钟恢复 Cron","* * * * *","性能机会","成本与 SLA","P2","上线观察后","支付/outbox/recovery 使用每分钟调度，低流量站点可能产生相对高的空跑日志与调用","若维持当前状态，将无法证明：恢复延迟满足 SLA，空跑成本可接受且无积压","先定义允许的恢复延迟，再用生产指标决定保持每分钟或适度降低频率","人工订单站可关闭 jobs；自动权益或 AI 生成站宁可先保守保持一分钟","降低频率会延长故障恢复，不能影响 webhook 安全与幂等","减少空调用与日志成本；调整前记录 backlog SLA","apps/server/wrangler.jsonc; apps/server/src/worker/create-worker-handlers.ts","JOB-001 和流量指标","恢复延迟满足 SLA，空跑成本可接受且无积压"
"JOB-003","异步任务","Queue batch size","主 Queue max_batch_size=1；DLQ max_batch_size=10","性能机会","吞吐","P3","出现积压后","主 Job Queue 单消息批次便于隔离和重试；DLQ 已使用批次 10，当前没有生产积压证据要求调整","若维持当前状态，将无法证明：无积压则不改；改动后吞吐提升且单消息失败可隔离","保持 1 直到监控显示 backlog；再按 handler 隔离性做小批次实验","单人低流量无需优化","批处理失败边界必须清晰，不能让一条恶意消息反复阻塞整批","依据吞吐与 CPU 时间调优，不凭感觉放大","apps/server/wrangler.jsonc; apps/server/src/modules/jobs/job.worker.ts","生产队列指标","无积压则不改；改动后吞吐提升且单消息失败可隔离"
"TICKET-001","支持","Tickets 模块","/tickets; /tickets/$ticketId; /admin/support/*","默认关闭","过度复杂","P1","只有邮箱支持不足时再决策","完整站内工单和管理员回复已实现，但默认关闭，单人维护与邮箱支持重复","误启用会带来收件箱、通知、状态、分页和权限维护，且关闭时必须保证无导航与 runtime namespace","首发明确保持 Tickets 关闭，以 support email 为唯一支持渠道；只有出现登录态历史和状态跟踪的真实需求再立项启用","不要为休眠模块补 outbox、分页或 i18n；真实需求出现后整体评审","未来启用时所有 detail/reply 必须校验 owner 或 admin，公开提交做全局限流","未来启用时列表和消息必须分页，避免长工单无限增长","apps/server/src/modules/tickets/router.ts; apps/web/src/routes/_authed/(dashboard)/tickets; apps/web/src/routes/_authed/(dashboard)/admin/support","邮箱支持量证据","当前关闭时无导航与 runtime namespace；未来启用前重新完成权限、通知和分页评审"
"TICKET-002","支持","工单回复与邮件通知","reply; adminReply","潜在隐患","一致性","P1","启用 tickets 前","管理员回复先写数据库再同步发邮件；邮件失败可能导致请求报错、审计遗漏或人工重试重复回复","若维持当前状态，将无法证明：重复请求不重复插入回复，邮件失败不回滚已提交事实且可重试","将通知变为持久化 outbox/Job，或至少在提交与审计后 best-effort 发送并记录通知失败；增加 reply 幂等键","若不愿维护 outbox，就保持 tickets 关闭并只用邮箱","邮件内容转义且不泄露其他工单；管理员动作审计","异步邮件降低 API 延迟与 provider 波动影响","apps/server/src/modules/tickets/router.ts","TICKET-001 和 JOB-001","重复请求不重复插入回复，邮件失败不回滚已提交事实且可重试"
"TICKET-003","支持","工单分页","admin list; ticket messages","性能机会","查询规模","P2","启用 tickets 前","管理员列表和详情消息存在不受限全量读取风险","若维持当前状态，将无法证明：大量工单或长对话仍为有界查询，翻页无重复或遗漏","增加 cursor pagination、稳定排序和合理 page size","低量也做最小 cursor，避免之后改 API 形状","列表输出继续限制为允许字段，不暴露内部备注","为 owner/status/createdAt 和 ticketId/createdAt 查询路径核对索引","apps/server/src/modules/tickets/router.ts; apps/server/src/db/schema/tickets.ts","TICKET-001","大量工单或长对话仍为有界查询，翻页无重复或遗漏"
"TICKET-004","支持","工单文案 i18n","tickets 与 admin support","随模块延期","体验一致性","P2","启用 tickets 前","Tickets 默认关闭且首发只发布英文；其用户与管理员组件仍有硬编码英文，未来启用或恢复多语言前需要集中处理","现在翻译关闭模块会增加无收益维护；未来直接启用则会让可见文案绕过消息事实源","首发不处理；只有明确启用 Tickets 时再把用户可见状态、按钮、错误和邮件文案收进英文消息，再决定第二语言","保持 Tickets 关闭并使用 support email，不为休眠模块维护三语","错误文案不要区分无权限与不存在而泄露资源存在性","无显著性能影响","apps/web/src/routes/_authed/(dashboard)/tickets; apps/web/src/routes/_authed/(dashboard)/admin/support; packages/i18n","TICKET-001 被明确启用","关闭时无 Tickets 导航和运行时 namespace；启用评审前用户可见文案已进入当前发布语言的消息源"
"ADMIN-001","后台","后台信息架构","/admin; /admin/analytics; /admin/users; /admin/payments; /admin/audit; /admin/system","待裁剪","单人运维","P1","产品后台定稿前","模板提供只读概览、D1 业务 KPI、用户、支付运维、审计与系统状态；供应商 dashboard 负责流量和 provider 侧事实，两者部分互补","若维持当前状态，将无法证明：后台导航仅出现可执行的页面，首页查询有界且无敏感配置","按真实日常动作保留 Overview、Audit、D1 Analytics 与启用支付后的故障处理入口；隐藏无能力支撑的页面，不建自定义 BI","单人公司不需要自建完整 BI；流量、收入优先看 Cloudflare 和支付商后台","所有入口继续服务端鉴权；系统页不展示 secret、完整 token 或内部绑定值","不常用统计按需加载并设置时间范围，不在首页做全表聚合","apps/web/src/routes/_authed/(dashboard)/admin; apps/server/src/routers/admin","Profile 和运维流程","后台导航仅出现可执行的页面，首页查询有界且无敏感配置"
"ADMIN-002","后台","Analytics","/admin/analytics","已实现待采用","业务运营指标","P2","首次真实数据进入后","内建 Analytics 聚合订阅、积分与 Job 失败率等 D1 业务事实，和 Cloudflare/OpenPanel 的流量指标、支付商的 provider 事实互补","误删会失去跨模块的应用内运营视图；无限扩展又会演变成一人公司不需要的数据仓库","保留当前小型 D1 KPI 页并只维护能触发行动的指标；流量、漏斗和 provider 收入继续看对应供应商 dashboard","保留这一页，不建 ETL、数据仓库或通用报表设计器","分析查询只允许管理员且不返回不必要 PII","所有聚合强制时间范围、索引和分页，避免 D1 全表扫描","apps/web/src/routes/_authed/(dashboard)/admin/analytics.tsx; apps/server/src/modules/control-read/read-models.ts","真实业务数据和指标所有者","每个 D1 KPI 对应明确运维动作且查询有界；页面不复制流量平台或支付商完整报表"
"ADMIN-003","后台","Integrations 兼容 slug","/admin/integrations -> /admin/system","需清理","路由兼容","P3","公开模板文档整理时","旧 integrations slug 仅重定向 system，名称和信息架构可能继续误导","若维持当前状态，将无法证明：导航与当前文档只使用 /admin/system，旧链接安全到达","保留一版兼容重定向并从导航、文档移除旧名；新下游无需长期承诺此 slug","没有外部书签的新站点可直接只保留 system","重定向目标仍需 admin guard，不能在守卫前泄露页面存在","永久重定向避免重复渲染，但私有路由无需 SEO 迁移链","apps/web/src/routes/_authed/(dashboard)/admin/integrations.tsx","后台 IA","导航与当前文档只使用 /admin/system，旧链接安全到达"
"CTRL-001","控制面","ControlRead","CONTROL_READ_HOST; service binding","默认关闭","过度复杂","P1","只有出现明确中央控制需求时再决策","已有专用 host、Cloudflare Access JWT 与 service binding 读取面，和本地 Admin read model 部分重复","误配置或提前扩展会增加跨站授权、字段治理与运维面；当前必须保证未配置时没有公开入口","保持 host/binding 未配置且不扩展；真正出现跨站只读需求时再按最小字段立项启用","单人维护多个小站先用各站后台和供应商 dashboard，不建中央 control plane","未来启用时强制 Access audience/issuer 校验、最小返回字段、只读与审计","未来中央聚合需分页、时间界限和缓存；否则会放大每站 D1 查询","apps/server/src/modules/control-read; apps/server/src/index.ts; apps/server/wrangler.jsonc","真实跨站运维痛点","当前未配置时无公开入口；未来配置后无 Access token 无法读取且只返回允许字段"
"MOBILE-001","移动端","Mobile 整体范围","optional/mobile","默认关闭","范围关闭","P3","只有产品明确需要原生能力时重开","optional/mobile 是完整的 opt-in Expo 应用代码，默认不在核心 workspace 安装，mobile feature 与官方 Profiles 均为 false","把它误判为空壳并逐项删除会破坏未来可选能力；把它纳入默认工作又会增加与 Web 首发无关的依赖和商店运维","保持完整可选目录冻结且默认关闭；只有明确的原生产品需求才安装 optional workspace 并重新做配置、安全和商店审核","用响应式 Web/PWA 覆盖默认需求，原生 App 作为独立产品决策而非日常模板 TODO","未构建 mobile 时 EXPO_PUBLIC 占位不会进入生产客户端；一旦重开必须重新做完整安全审计","不安装 optional workspace，避免依赖、Pods/Gradle、商店和升级成本","packages/app-config/src/product-config.ts; packages/app-config/src/profile-definitions.ts; pnpm-workspace.yaml; optional/mobile","明确的原生产品需求","默认采用记录 mobile=false，未启用项目的计划中不出现原生子任务"
"OPS-001","可观测性","请求日志","所有 /api 与 /rpc","已实现待调优","成本与隐私","P2","上线有流量后","Server 记录 method、c.req.path、status 与 durationMs；c.req.path 不含 query string，当前不记录 cookie、Authorization 或正文","低风险敏感查询泄露判断已排除；真实剩余风险是全量 info 日志在高频流量下淹没配额和错误信号","低流量先保留；有真实日志量后再对健康检查和高频成功请求采样，支付错误与关联 ID 保留","小站先用 Cloudflare 基础日志，不搭建 ELK/复杂 tracing","不得记录 cookie、Authorization、表单正文、支付 payload 或用户 PII","采样可降低日志费用与 CPU；必须保留错误定位能力","apps/server/src/app/register-core-routes.ts; apps/server/wrangler.jsonc","生产流量与审计要求","敏感字段不入日志，错误可关联，正常高频请求不会淹没配额"
"OPS-002","性能","公共 RPC Context","public procedures","性能机会","数据库访问","P3","测到公共 API 压力后","createContext 每请求读取一次 auth session，并对已有 session 做一次 deletedAt 新鲜度复核；公共 procedure 也复用该统一 context","低流量下拆分 context 的复杂度高于收益；只有匿名公共 API 达到高 QPS 时额外 D1 读取才值得优化","只有 profiling 证明有收益时，为严格匿名公共 procedure 建轻量 context；保持 protected context 不变","低流量不用为省一次查询拆两套框架","不得让客户端把匿名 context 用于原本受保护 procedure","减少公共高 QPS 路径的 D1 读取和延迟","apps/server/src/lib/context.ts; apps/server/src/lib/orpc.ts","真实 tracing 和查询量","公共路径查询减少，所有 protected/admin 授权测试行为不变"
"OPS-003","性能","支付 provider bundle","Server Worker","需测量","Bundle 与冷启动","P3","确定唯一 provider 后","多个 provider adapter 在同一索引中导入，可能让未选 SDK 进入 Worker bundle，但尚无体积证据","若维持当前状态，将无法证明：未选 provider 不进入产物或产物已在预算内，支付行为不变","先用现有 bundle 分析脚本测量；只有超过预算才按构建 Profile 做静态 provider 入口","不要为了理论 tree-shaking 问题重写支付架构","裁剪不能改变 webhook 验签或 secret 分离","目标是 Worker gzip 和启动时间，不以源码 import 数为指标","apps/server/src/payments/providers; packages/app-config/src/payment-providers.ts; package.json","PAY-001 和测量结果","未选 provider 不进入产物或产物已在预算内，支付行为不变"
"OPS-004","性能","Docs 搜索初始化","/api/search","需复核","Bundle 与启动","P2","保持 docs 关闭时","搜索 route 在模块层引用 Orama/source；即使返回 404，也可能保留不必要依赖","若维持当前状态，将无法证明：docs=false 产物不初始化搜索索引；docs=true 搜索首请求与内存符合预算","让 docs=false 构建物理省略或动态导入搜索实现；先检查构建产物再改","关闭 Docs 的站点不需要全文搜索服务","搜索索引只能由受控公开内容生成","避免无 Docs 站点的索引内存和冷启动成本","apps/web/src/routes/api/search.ts; apps/web/vite.config.ts","WEB-009 和 bundle 测量","docs=false 产物不初始化搜索索引；docs=true 搜索首请求与内存符合预算"
"OPS-005","性能","无用 Web 依赖","@unpic/react 等","已完成待维护","依赖清理","P3","新增或替换 UI 组件时","全仓无引用的 Shadcn Studio 示例与孤立 chart 组件已删除，@unpic/react 和 recharts 已从直接依赖及 lockfile 移除；活跃 Tailark 定价代码保留","未来复制组件示例时可能重新带入未使用依赖或第三方模板品牌资源","新增 UI 前先复用现有组件；引入演示代码时只复制实际使用部分并检查依赖与外部资源","每个站点不要保留未采用的演示组件库扩展","移除前确认不是 Vite 插件或动态 import 使用","减少安装、dev prebundle 与升级面；生产收益以 bundle 为准","apps/web/src/components/landing-page; apps/web/package.json; apps/web/vite.config.ts; pnpm-lock.yaml","新增 UI 需求","现有直接依赖均有运行时调用；无 Shadcn Studio 示例、@unpic/react 或 recharts 残留"
"DOC-004","文档","Repo map 维护","docs/repo-map.md; docs/architecture-map.md","已完成待维护","维护流程","P2","每次边界变化后","已有人工维护的意图型 repo map 与关键 Mermaid，不使用 CodeGraph 快照","若维持当前状态，将无法证明：新成员或 AI 能从图定位入口、数据所有者和安全边界，图与源码抽查一致","边界变化时同步 repository-facts、repo map 和受影响序列图；普通功能改动不更新全图","不引入 CodeGraph 或自动 symbol dump，避免生成噪音和第二事实源","图中不得出现 secret、真实内部资源 ID 或生产个人邮箱","人工意图图比全量依赖图小；只保留能支持决策的节点","docs/repo-map.md; docs/architecture-map.md; template-kit/repository-facts.json","架构边界变化","新成员或 AI 能从图定位入口、数据所有者和安全边界，图与源码抽查一致"
"DOC-005","文档","测试规划工作流","需求计划文档","已完成待执行","工程流程","P1","每个非平凡需求","AGENTS 已要求计划阶段记录测试，先实现并 review 核心目标，再统一补测试；默认不自动运行测试/构建","若维持当前状态，将无法证明：计划含测试项，核心 review 有结论，必要测试已补；自动执行只在用户明确要求后发生","每个需求在 docs/plans 建测试计划、核心目标和验收条件；实现 review 通过后再补最小关键测试","不为 CRUD 和展示页预建大测试套件；钱、权限、迁移与幂等仍强制覆盖","测试延后不等于安全边界免测；收费、管理员和 webhook 必须在交付前具备聚焦测试","批量集中测试减少频繁重跑，但最终 gate 仍需显式执行","AGENTS.md; docs/plans/solo-paid-template-hardening.md","需求范围和用户是否授权执行","计划含测试项，核心 review 有结论，必要测试已补；自动执行只在用户明确要求后发生"
"DATA-001","数据库","可选能力表","payments、credits、tickets、assets、jobs","待抉择","数据面裁剪","P1","新下游建库前","母模板保留完整迁移历史，即使某 Profile 不启用所有表；直接删历史会破坏上游升级和已部署环境","若维持当前状态，将无法证明：迁移校验通过，历史不可变，禁用 namespace 无数据库访问","母模板不删 migration；全新下游按官方采用/ledger 规则只安装需要能力，已有库只做向前迁移","通过 Profile 关闭运行时能力比手工删表安全；不要为几张空表重写迁移系统","禁用模块也不能让遗留 HTTP 路由访问其表；敏感历史按保留策略处理","空表成本通常小，优先优化运行时查询而非追求表数量最少","apps/server/src/db/migrations; apps/server/src/db/schema; docs/migration-guide.md","Profile 与是否已有生产库","迁移校验通过，历史不可变，禁用 namespace 无数据库访问"
"DATA-002","数据库","后台列表分页","users、audit、payments、tickets","需复核","查询规模","P1","开放真实后台前","部分 read model 已分页；支付操作固定 limit 100 但无 cursor，tickets 列表和消息为无上限数组，聚合仍需逐项核对时间范围","若维持当前状态，将无法证明：任何单次请求均有明确最大行数和可解释查询计划","逐个管理员列表确认 cursor/limit、稳定排序、索引与最大日期范围","单人公司不需要导出全库；临时分析用受控只读工具而不是无限列表 API","管理员权限不能成为无限数据泄露许可，输出最小字段","所有列表查询有上限，聚合有时间窗口，避免 D1 CPU 超限","apps/server/src/routers/admin; apps/server/src/modules/control-read/read-models.ts; apps/server/src/modules/tickets/router.ts","后台保留页面","任何单次请求均有明确最大行数和可解释查询计划"
"DATA-003","数据库","D1 备份与恢复","Time Travel; wrangler d1 export","已写运行手册待生产采用","灾难恢复","P0","首个生产数据库上线前","仓库已有基于当前 Cloudflare 能力的单人运维手册：Time Travel 为主恢复手段，每周加密 SQL 导出保留 90 天，每季度在非生产环境演练恢复；尚未绑定具体账号计划、负责人记录和私有存储位置","只写手册不等于生产数据库已经受保护；未确认账号 Time Travel 保留期、导出位置和演练记录时，误删或错误迁移仍可能造成不可恢复损失","上线前在私有运维记录中确认 D1 计划与实际保留期、唯一负责人、加密导出位置和首次恢复演练日期；生产恢复仍需单独授权","不建备份平台或自动化工作流；先用 Cloudflare Time Travel 加低频加密导出和季度人工演练","导出可能包含个人信息和支付关联标识，必须加密、限制访问并按保留期删除；禁止把导出提交到仓库","D1 导出会阻塞数据库请求，应在低流量窗口执行；恢复演练只在隔离的非生产数据库进行","docs/d1-backup-recovery.md; docs/production-migrations.md","真实 Cloudflare 账号计划、生产 D1 标识和私有存储位置","私有运维记录明确负责人、实际 Time Travel 保留期、最近一次加密导出与非生产恢复演练结果"
